hour,solar_kwh,price_per_kwh
0,0.0,2700
1,0.0,2700
2,0.0,2700
3,0.0,2700
4,0.0,2700
5,0.0,2700
6,0.3245203793784935,2700
7,0.5979214840064853,2700
8,0.9858058688900788,2700
9,1.4543994373625564,2700
10,1.9200876487086893,2700
11,2.2683155374167243,2700
12,2.3978992884739454,2700
13,2.2683155374167243,2700
14,1.9200876487086893,2700
15,1.4543994373625564,2700
16,0.9858058688900788,2700
17,0.5979214840064853,2700
18,0.3245203793784935,2700
19,0.0,2700
20,0.0,2700
21,0.0,2700
22,0.0,2700
23,0.0,2700
